"file","line","name","classification"
"backend/src/middleware/rateLimitMiddleware.js","68","financialMutationLimiter","No textual reference in other tracked code; inspect internal calls/dynamic use before removal"
"backend/src/services/customerBillingService.js","432","generateNextDemandNumber","No textual reference in other tracked code; inspect internal calls/dynamic use before removal"
"backend/src/services/documents/review.js","134","SOURCES","No textual reference in other tracked code; inspect internal calls/dynamic use before removal"
"backend/src/services/documents/service.js","171","validateSubmission","No textual reference in other tracked code; inspect internal calls/dynamic use before removal"
"backend/src/utils/accountingHelper.js","619","postSalaryPaymentSettlementJournal","No textual reference in other tracked code; inspect internal calls/dynamic use before removal"
"backend/src/utils/accountingHelper.js","620","postSalaryPaymentReversalJournal","No textual reference in other tracked code; inspect internal calls/dynamic use before removal"
"backend/src/utils/loginRateLimiter.js","219","MAX_FAILED_ATTEMPTS","No textual reference in other tracked code; inspect internal calls/dynamic use before removal"
"backend/src/utils/loginRateLimiter.js","220","LOCKOUT_DURATION_MS","No textual reference in other tracked code; inspect internal calls/dynamic use before removal"
"frontend/src/services/documentService.js","4","MAX_DOCUMENT_BYTES","No textual reference in other tracked code; inspect internal calls/dynamic use before removal"
"frontend/src/utils/formatters.js","34","formatNumberINR","No textual reference in other tracked code; inspect internal calls/dynamic use before removal"
"frontend/src/utils/permissions.js","31","hasAnyPermission","No textual reference in other tracked code; inspect internal calls/dynamic use before removal"
"frontend/src/utils/permissions.js","44","hasAllPermissions","No textual reference in other tracked code; inspect internal calls/dynamic use before removal"