"file","line","bounded","call"
"backend/src/controller/accountController.js","11","false","prisma.account.findMany"
"backend/src/controller/auditController.js","14","true","prisma.auditLog.findMany"
"backend/src/controller/customerController.js","62","false","prisma.customer.findMany"
"backend/src/controller/customerController.js","162","false","prisma.customer.findMany"
"backend/src/controller/customerController.js","289","false","prisma.customer.findMany"
"backend/src/controller/customerController.js","910","false","prisma.paymentAllocation.findMany"
"backend/src/controller/employeeController.js","9","false","tx.employee.findMany"
"backend/src/controller/employeeController.js","294","true","prisma.employee.findMany"
"backend/src/controller/expenseController.js","9","false","prisma.expenseCategory.findMany"
"backend/src/controller/expenseController.js","265","false","prisma.expense.findMany"
"backend/src/controller/expenseController.js","284","false","prisma.fundRequest.findMany"
"backend/src/controller/expenseController.js","297","false","prisma.expense.findMany"
"backend/src/controller/expenseController.js","316","false","prisma.expense.findMany"
"backend/src/controller/fundRequestController.js","55","false","prisma.fundRequest.findMany"
"backend/src/controller/fundRequestController.js","72","false","prisma.fundRequest.findMany"
"backend/src/controller/fundRequestController.js","88","false","prisma.fundRequest.findMany"
"backend/src/controller/journalController.js","14","true","prisma.journalEntry.findMany"
"backend/src/controller/noteController.js","54","true","prisma.operationalNote.findMany"
"backend/src/controller/noteController.js","82","false","prisma.operationalNote.findMany"
"backend/src/controller/notificationController.js","47","true","prisma.customerPayment.findMany"
"backend/src/controller/notificationController.js","87","true","prisma.fundRequest.findMany"
"backend/src/controller/notificationController.js","111","true","prisma.fundRequest.findMany"
"backend/src/controller/notificationController.js","138","true","prisma.fundRequest.findMany"
"backend/src/controller/notificationController.js","168","true","prisma.auditLog.findMany"
"backend/src/controller/notificationController.js","213","true","prisma.expense.findMany"
"backend/src/controller/propertyController.js","54","false","prisma.propertyAcquisition.findMany"
"backend/src/controller/propertyController.js","125","false","prisma.propertyAcquisition.findMany"
"backend/src/controller/propertyController.js","219","false","prisma.propertyAcquisition.findMany"
"backend/src/controller/searchController.js","38","true","prisma.customer.findMany"
"backend/src/controller/searchController.js","62","true","prisma.customerPayment.findMany"
"backend/src/controller/searchController.js","84","true","prisma.expense.findMany"
"backend/src/controller/searchController.js","103","true","prisma.employee.findMany"
"backend/src/controller/searchController.js","127","true","prisma.propertyAcquisition.findMany"
"backend/src/controller/searchController.js","149","true","prisma.operationalNote.findMany"
"backend/src/controller/transactionController.js","6","true","prisma.walletTransaction.findMany"
"backend/src/controller/treasuryController.js","192","false","prisma.walletTransaction.findMany"
"backend/src/controller/treasuryController.js","212","false","prisma.user.findMany"
"backend/src/controller/treasuryController.js","257","false","prisma.walletTransaction.findMany"
"backend/src/controller/treasuryController.js","273","false","prisma.user.findMany"
"backend/src/controller/userController.js","10","false","prisma.role.findMany"
"backend/src/controller/userController.js","27","false","prisma.user.findMany"
"backend/src/controller/userController.js","62","false","prisma.user.findMany"
"backend/src/controller/walletController.js","291","false","prisma.user.findMany"
"backend/src/routes/documentRoutes.js","54","false","db.transactionDocument.findMany"
"backend/src/routes/documentRoutes.js","55","true","db.auditLog.findMany"
"backend/src/services/accountingPeriodService.js","84","false","prisma.accountingPeriod.findMany"
"backend/src/services/customerBillingService.js","407","false","prisma.customerDemandNote.findMany"
"backend/src/services/customerLedgerService.js","29","false","prisma.customerLedgerEntry.findMany"
"backend/src/services/customerLedgerService.js","52","false","prisma.customerLedgerEntry.findMany"
"backend/src/services/customerLedgerService.js","115","false","prisma.customerDemandNote.findMany"
"backend/src/services/customerLedgerService.js","216","false","prisma.customerDemandNote.findMany"
"backend/src/services/customerLedgerService.js","230","false","prisma.customerDemandNote.findMany"
"backend/src/services/customerLedgerService.js","243","false","prisma.customer.findMany"
"backend/src/services/customerLedgerService.js","252","false","prisma.customerLedgerEntry.findMany"
"backend/src/services/documents/permissions.js","6","false","db.role.findMany"
"backend/src/services/documents/permissions.js","7","false","db.permission.findMany"
"backend/src/services/documents/review.js","116","true","db.walletTransaction.findMany"
"backend/src/services/documents/review.js","127","true","db.customerPayment.findMany"
"backend/src/services/documents/service.js","65","false","tx.documentUpload.findMany"
"backend/src/services/documents/service.js","114","true","prisma.transactionDocument.findMany"
"backend/src/services/paymentAllocationService.js","134","false","tx.customerDemandNote.findMany"
"backend/src/services/paymentPlanService.js","125","false","prisma.paymentPlan.findMany"
"backend/src/utils/accountingHelper.js","35","false","db.account.findMany"
"backend/src/utils/accountingHelper.js","134","false","tx.account.findMany"
"backend/src/utils/accountingHelper.js","143","false","tx.account.findMany"