"file","line","name","action"
"backend/src/app.js","9","rateLimit","Review binding only; preserve initializer side effects and callback argument positions."
"backend/src/app.js","39","res","KEEP positional callback signature; error middleware must retain four arguments."
"backend/src/app.js","140","req","KEEP positional callback signature; error middleware must retain four arguments."
"backend/src/app.js","150","req","KEEP positional callback signature; error middleware must retain four arguments."
"backend/src/app.js","162","err","Catch binding may be optional; review swallowed error before deleting."
"backend/src/app.js","209","promise","KEEP positional callback signature; error middleware must retain four arguments."
"backend/src/controller/accountController.js","7","req","KEEP positional callback signature; error middleware must retain four arguments."
"backend/src/controller/customerBillingController.js","175","req","KEEP positional callback signature; error middleware must retain four arguments."
"backend/src/controller/customerController.js","255","userRole","Investigate missing behavior first; do not automatically delete."
"backend/src/controller/dashboardController.js","167","req","KEEP positional callback signature; error middleware must retain four arguments."
"backend/src/controller/dashboardController.js","269","req","KEEP positional callback signature; error middleware must retain four arguments."
"backend/src/controller/expenseController.js","7","req","KEEP positional callback signature; error middleware must retain four arguments."
"backend/src/controller/expenseController.js","314","req","KEEP positional callback signature; error middleware must retain four arguments."
"backend/src/controller/fundRequestController.js","63","error","Investigate missing behavior first; do not automatically delete."
"backend/src/controller/fundRequestController.js","80","error","Investigate missing behavior first; do not automatically delete."
"backend/src/controller/fundRequestController.js","86","req","KEEP positional callback signature; error middleware must retain four arguments."
"backend/src/controller/fundRequestController.js","96","error","Investigate missing behavior first; do not automatically delete."
"backend/src/controller/noteController.js","80","req","KEEP positional callback signature; error middleware must retain four arguments."
"backend/src/controller/propertyController.js","123","req","KEEP positional callback signature; error middleware must retain four arguments."
"backend/src/controller/transactionController.js","4","req","KEEP positional callback signature; error middleware must retain four arguments."
"backend/src/controller/treasuryController.js","22","transactionDate","Investigate missing behavior first; do not automatically delete."
"backend/src/controller/treasuryController.js","190","req","KEEP positional callback signature; error middleware must retain four arguments."
"backend/src/controller/userController.js","8","req","KEEP positional callback signature; error middleware must retain four arguments."
"backend/src/controller/userController.js","60","req","KEEP positional callback signature; error middleware must retain four arguments."
"backend/src/controller/walletController.js","196","updatedTreasuryWallet","Remove assignment binding only; KEEP awaited database write."
"backend/src/controller/walletController.js","289","req","KEEP positional callback signature; error middleware must retain four arguments."
"backend/src/middleware/errorMiddleware.js","7","next","KEEP positional callback signature; error middleware must retain four arguments."
"backend/src/middleware/sanitizerMiddleware.js","32","res","KEEP positional callback signature; error middleware must retain four arguments."
"backend/src/routes/documentRoutes.js","13","res","KEEP positional callback signature; error middleware must retain four arguments."
"backend/src/routes/documentRoutes.js","65","req","KEEP positional callback signature; error middleware must retain four arguments."
"backend/src/services/customerBillingService.js","71","notes","Investigate missing behavior first; do not automatically delete."
"backend/src/services/customerBillingService.js","131","isTaxable","Investigate missing behavior first; do not automatically delete."
"backend/src/services/paymentAllocationService.js","24","notes","Investigate missing behavior first; do not automatically delete."
"backend/src/services/paymentAllocationService.js","102","updatedWallet","Remove assignment binding only; KEEP awaited database write."
"backend/src/services/paymentPlanService.js","171","actorId","Investigate missing behavior first; do not automatically delete."
"backend/src/utils/accountingHelper.js","106","lockErr","Catch binding may be optional; review swallowed error before deleting."
"backend/src/utils/accountingHelper.js","451","employeeCode","Investigate missing behavior first; do not automatically delete."
"frontend/src/app/dashboards/layout.js","26","ExternalLink","Review binding only; preserve initializer side effects and callback argument positions."
"frontend/src/app/dashboards/layout.js","28","Sparkles","Review binding only; preserve initializer side effects and callback argument positions."
"frontend/src/app/dashboards/layout.js","383","HubIcon","Review binding only; preserve initializer side effects and callback argument positions."
"frontend/src/components/accounting/AccountingSalaryView.js","12","Users","Unused import candidate; remove specifier only after checking module side effects."
"frontend/src/components/accounting/AccountingSalaryView.js","19","ShieldCheck","Review binding only; preserve initializer side effects and callback argument positions."
"frontend/src/components/AdjustWalletBalanceModal.js","8","Wallet","Unused import candidate; remove specifier only after checking module side effects."
"frontend/src/components/AuditLogViewer.js","6","API_URL","Unused import candidate; remove specifier only after checking module side effects."
"frontend/src/components/AuditLogViewer.js","7","Terminal","Unused import candidate; remove specifier only after checking module side effects."
"frontend/src/components/AuditLogViewer.js","7","ArrowUpRight","Unused import candidate; remove specifier only after checking module side effects."
"frontend/src/components/CustomerCancellationSettlementModal.js","3","useTransition","Unused import candidate; remove specifier only after checking module side effects."
"frontend/src/components/CustomerCancellationSettlementModal.js","10","ArrowRight","Unused import candidate; remove specifier only after checking module side effects."
"frontend/src/components/CustomerCancellationSettlementModal.js","11","Building2","Unused import candidate; remove specifier only after checking module side effects."
"frontend/src/components/CustomerCancellationSettlementModal.js","15","HelpCircle","Review binding only; preserve initializer side effects and callback argument positions."
"frontend/src/components/CustomerCancellationSettlementModal.js","16","FileText","Review binding only; preserve initializer side effects and callback argument positions."
"frontend/src/components/CustomerCancellationSettlementModal.js","23","setPayoutAccount","Unused import candidate; remove specifier only after checking module side effects."
"frontend/src/components/CustomerEditModal.js","4","FileText","Unused import candidate; remove specifier only after checking module side effects."
"frontend/src/components/CustomerPortfolioList.js","9","Eye","Unused import candidate; remove specifier only after checking module side effects."
"frontend/src/components/CustomerPortfolioList.js","9","CreditCard","Unused import candidate; remove specifier only after checking module side effects."
"frontend/src/components/CustomerPortfolioList.js","65","e","Catch binding may be optional; review swallowed error before deleting."
"frontend/src/components/CustomerPortfolioList.js","128","e","Catch binding may be optional; review swallowed error before deleting."
"frontend/src/components/DashboardStats.js","16","error","Investigate missing behavior first; do not automatically delete."
"frontend/src/components/DirectFundAllocationForm.js","79","error","Investigate missing behavior first; do not automatically delete."
"frontend/src/components/EditCustomerPaymentModal.js","8","Landmark","Unused import candidate; remove specifier only after checking module side effects."
"frontend/src/components/EditCustomerPaymentModal.js","9","CreditCard","Unused import candidate; remove specifier only after checking module side effects."
"frontend/src/components/EditCustomerPaymentModal.js","10","Hash","Unused import candidate; remove specifier only after checking module side effects."
"frontend/src/components/EditCustomerPaymentModal.js","52","e","Catch binding may be optional; review swallowed error before deleting."
"frontend/src/components/EditPropertyPaymentModal.js","17","formatDate","Unused import candidate; remove specifier only after checking module side effects."
"frontend/src/components/employees/EditSalaryModal.js","4","CreditCard","Unused import candidate; remove specifier only after checking module side effects."
"frontend/src/components/employees/EmployeeDetailView.js","20","Calendar","Unused import candidate; remove specifier only after checking module side effects."
"frontend/src/components/employees/EmployeeDetailView.js","21","Phone","Unused import candidate; remove specifier only after checking module side effects."
"frontend/src/components/employees/EmployeeDetailView.js","22","Mail","Unused import candidate; remove specifier only after checking module side effects."
"frontend/src/components/employees/EmployeeDetailView.js","25","UserCheck","Review binding only; preserve initializer side effects and callback argument positions."
"frontend/src/components/employees/EmployeeDetailView.js","31","Wallet","Review binding only; preserve initializer side effects and callback argument positions."
"frontend/src/components/employees/EmployeeDetailView.js","38","Clock","Review binding only; preserve initializer side effects and callback argument positions."
"frontend/src/components/employees/EmployeeDetailView.js","42","router","Review binding only; preserve initializer side effects and callback argument positions."
"frontend/src/components/employees/EmployeeLinkUserModal.js","6","CheckCircle2","Unused import candidate; remove specifier only after checking module side effects."
"frontend/src/components/employees/EmployeeList.js","28","Calendar","Review binding only; preserve initializer side effects and callback argument positions."
"frontend/src/components/employees/EmployeeList.js","31","Briefcase","Review binding only; preserve initializer side effects and callback argument positions."
"frontend/src/components/employees/EmployeeList.js","109","e","Catch binding may be optional; review swallowed error before deleting."
"frontend/src/components/employees/EmployeeList.js","190","archivedCount","Review binding only; preserve initializer side effects and callback argument positions."
"frontend/src/components/employees/EmployeeModal.js","6","CheckCircle2","Unused import candidate; remove specifier only after checking module side effects."
"frontend/src/components/employees/EmployeeModal.js","17","isAdmin","Investigate missing behavior first; do not automatically delete."
"frontend/src/components/employees/PaySalaryModal.js","5","IndianRupee","Unused import candidate; remove specifier only after checking module side effects."
"frontend/src/components/employees/PaySalaryModal.js","5","CheckCircle2","Unused import candidate; remove specifier only after checking module side effects."
"frontend/src/components/ExpenseList.js","28","e","Catch binding may be optional; review swallowed error before deleting."
"frontend/src/components/ExpenseUploadForm.js","10","user","Unused import candidate; remove specifier only after checking module side effects."
"frontend/src/components/ExpenseUploadForm.js","81","error","Investigate missing behavior first; do not automatically delete."
"frontend/src/components/FundRequestForm.js","6","Clock","Unused import candidate; remove specifier only after checking module side effects."
"frontend/src/components/FundRequestForm.js","6","Info","Unused import candidate; remove specifier only after checking module side effects."
"frontend/src/components/FundRequestForm.js","6","IndianRupee","Unused import candidate; remove specifier only after checking module side effects."
"frontend/src/components/FundRequestForm.js","9","user","Unused import candidate; remove specifier only after checking module side effects."
"frontend/src/components/FundRequestForm.js","68","error","Investigate missing behavior first; do not automatically delete."
"frontend/src/components/FundRequestList.js","66","error","Investigate missing behavior first; do not automatically delete."
"frontend/src/components/GeneralLedgerView.js","7","API_URL","Unused import candidate; remove specifier only after checking module side effects."
"frontend/src/components/manager/ManagerSalaryView.js","6","IndianRupee","Unused import candidate; remove specifier only after checking module side effects."
"frontend/src/components/manager/ManagerSalaryView.js","6","Users","Unused import candidate; remove specifier only after checking module side effects."
"frontend/src/components/manager/ManagerSalaryView.js","6","Landmark","Unused import candidate; remove specifier only after checking module side effects."
"frontend/src/components/OperationalNotesView.js","11","User","Review binding only; preserve initializer side effects and callback argument positions."
"frontend/src/components/OperationalNotesView.js","24","Filter","Review binding only; preserve initializer side effects and callback argument positions."
"frontend/src/components/OperationalNotesView.js","27","toISTDateInputString","Unused import candidate; remove specifier only after checking module side effects."
"frontend/src/components/OperationalNotesView.js","220","e","Catch binding may be optional; review swallowed error before deleting."
"frontend/src/components/PropertyAcquisitionList.js","8","MapPin","Unused import candidate; remove specifier only after checking module side effects."
"frontend/src/components/PropertyAcquisitionList.js","8","Building2","Unused import candidate; remove specifier only after checking module side effects."
"frontend/src/components/PropertyAcquisitionList.js","8","TrendingDown","Unused import candidate; remove specifier only after checking module side effects."
"frontend/src/components/PropertyAcquisitionList.js","106","e","Catch binding may be optional; review swallowed error before deleting."
"frontend/src/components/PropertyAcquisitionList.js","166","e","Catch binding may be optional; review swallowed error before deleting."
"frontend/src/components/RecordBankInflowModal.js","4","ArrowUpRight","Unused import candidate; remove specifier only after checking module side effects."
"frontend/src/components/RecordBankInflowModal.js","7","formatDate","Unused import candidate; remove specifier only after checking module side effects."
"frontend/src/components/SoftDashboardShell.js","29","eyebrow","Review binding only; preserve initializer side effects and callback argument positions."
"frontend/src/components/TransactionLedger.js","65","e","Catch binding may be optional; review swallowed error before deleting."
"frontend/src/components/UserPasswordManagement.js","37","error","Investigate missing behavior first; do not automatically delete."
"frontend/src/components/UserRegistrationForm.js","79","error","Investigate missing behavior first; do not automatically delete."
"frontend/src/components/UserWalletLedger.js","6","API_URL","Unused import candidate; remove specifier only after checking module side effects."
"frontend/src/context/AuthContext.js","36","e","Catch binding may be optional; review swallowed error before deleting."
"frontend/src/services/apiClient.js","83","parseErr","Catch binding may be optional; review swallowed error before deleting."
"frontend/src/app/support/page.tsx","14","AlertCircle","Review binding only; preserve initializer side effects and callback argument positions."
"frontend/src/app/terms/page.tsx","7","FileText","Unused import candidate; remove specifier only after checking module side effects."
"frontend/src/app/terms/page.tsx","9","Building2","Unused import candidate; remove specifier only after checking module side effects."
"frontend/src/app/terms/page.tsx","11","CreditCard","Unused import candidate; remove specifier only after checking module side effects."